Order_ID,Date,Product,Category,Region,Quantity,Price,Discount,Customer_Rating,Total_Sales
1001,2025-01-01,Shoes,Electronics,North,4,19101,32,2,51954.72
1002,2025-01-02,Watch,Electronics,South,1,5467,14,1,4701.62
1003,2025-01-03,Headphones,Accessories,West,9,19253,11,5,154216.53
1004,2025-01-04,Watch,Fashion,East,6,20522,39,3,75110.51999999999
1005,2025-01-05,Watch,Electronics,West,1,43963,19,5,35610.03
1006,2025-01-06,Mobile,Accessories,North,1,9635,29,3,6840.85
1007,2025-01-07,Headphones,Fashion,West,6,6222,37,4,23519.16
1008,2025-01-08,Headphones,Electronics,East,4,27913,2,2,109418.96
1009,2025-01-09,Headphones,Fashion,West,4,27736,27,4,80989.12
1010,2025-01-10,Watch,Accessories,North,6,16014,25,3,72063.0
1011,2025-01-11,Shoes,Electronics,South,7,44396,29,3,220648.12
1012,2025-01-12,Headphones,Fashion,West,9,37712,12,3,298679.04
1013,2025-01-13,Watch,Electronics,North,5,40886,12,1,179898.4
1014,2025-01-14,Mobile,Fashion,North,9,20831,1,2,185604.21
1015,2025-01-15,Shoes,Accessories,East,4,18560,36,4,47513.6
1016,2025-01-16,Mobile,Accessories,East,2,1696,37,4,2136.96
1017,2025-01-17,Shoes,Electronics,West,3,12797,1,5,38007.09
1018,2025-01-18,Watch,Fashion,South,1,3287,35,3,2136.55
1019,2025-01-19,Laptop,Electronics,North,6,24316,25,3,109422.0
1020,2025-01-20,Shoes,Electronics,West,6,41195,10,3,222453.0
1021,2025-01-21,Mobile,Fashion,North,1,20202,7,4,18787.86
1022,2025-01-22,Watch,Fashion,North,3,25742,39,5,47107.86
1023,2025-01-23,Shoes,Fashion,South,5,2676,21,1,10570.2
1024,2025-01-24,Laptop,Accessories,South,3,20627,19,2,50123.61
1025,2025-01-25,Laptop,Electronics,West,3,42060,7,1,117347.4
1026,2025-01-26,Headphones,Electronics,South,3,27728,28,4,59892.479999999996
1027,2025-01-27,Headphones,Accessories,South,5,20708,39,3,63159.4
1028,2025-01-28,Mobile,Fashion,West,5,28982,25,2,108682.5
1029,2025-01-29,Shoes,Accessories,South,4,9671,29,4,27465.64
1030,2025-01-30,Shoes,Accessories,East,1,35719,16,4,30003.96
1031,2025-01-31,Headphones,Accessories,North,5,33896,19,4,137278.8
1032,2025-02-01,Shoes,Electronics,North,5,43089,15,2,183128.25
1033,2025-02-02,Shoes,Accessories,North,4,41046,6,2,154332.96
1034,2025-02-03,Laptop,Electronics,North,6,4196,15,5,21399.6
1035,2025-02-04,Headphones,Electronics,West,4,20558,26,5,60851.68
1036,2025-02-05,Watch,Electronics,North,7,20813,22,1,113638.98
1037,2025-02-06,Headphones,Fashion,North,7,19649,23,2,105908.11
1038,2025-02-07,Watch,Electronics,North,2,46240,8,2,85081.6
1039,2025-02-08,Laptop,Electronics,North,3,41575,34,2,82318.5
1040,2025-02-09,Mobile,Fashion,East,1,5456,19,5,4419.36
1041,2025-02-10,Shoes,Electronics,North,8,10695,36,4,54758.4
1042,2025-02-11,Laptop,Accessories,East,9,17576,16,3,132874.56
1043,2025-02-12,Shoes,Accessories,West,4,1605,30,5,4494.0
1044,2025-02-13,Mobile,Electronics,South,6,15917,7,2,88816.86
1045,2025-02-14,Mobile,Fashion,North,9,25229,14,5,195272.46
1046,2025-02-15,Laptop,Accessories,South,6,47456,30,1,199315.2
1047,2025-02-16,Mobile,Fashion,South,9,30599,29,2,195527.61
1048,2025-02-17,Watch,Fashion,West,4,33098,19,1,107237.52
1049,2025-02-18,Mobile,Accessories,South,8,30461,38,2,151086.56
1050,2025-02-19,Shoes,Fashion,East,9,13102,11,5,104947.02
1051,2025-02-20,Shoes,Accessories,South,4,9756,16,4,32780.16
1052,2025-02-21,Shoes,Fashion,South,5,21084,29,3,74848.2
1053,2025-02-22,Shoes,Accessories,South,8,47480,28,1,273484.8
1054,2025-02-23,Watch,Electronics,North,6,35181,18,5,173090.52
1055,2025-02-24,Headphones,Accessories,North,7,26292,10,4,165639.6
1056,2025-02-25,Laptop,Accessories,East,3,22404,33,5,45032.04
1057,2025-02-26,Shoes,Accessories,East,7,43861,6,1,288605.38
1058,2025-02-27,Mobile,Accessories,North,8,35040,33,3,187814.4
1059,2025-02-28,Shoes,Fashion,East,6,27036,19,5,131394.96
1060,2025-03-01,Mobile,Electronics,North,9,19664,37,2,111494.88
1061,2025-03-02,Mobile,Accessories,West,6,13496,23,4,62351.520000000004
1062,2025-03-03,Shoes,Fashion,South,9,3371,9,5,27608.489999999998
1063,2025-03-04,Watch,Electronics,South,4,46502,31,4,128345.51999999999
1064,2025-03-05,Mobile,Electronics,East,8,23126,14,2,159106.88
1065,2025-03-06,Mobile,Electronics,North,4,11021,36,3,28213.760000000002
1066,2025-03-07,Shoes,Electronics,North,2,43910,19,3,71134.2
1067,2025-03-08,Mobile,Accessories,East,9,1632,2,2,14394.24
1068,2025-03-09,Mobile,Accessories,North,5,33967,36,4,108694.4
1069,2025-03-10,Shoes,Fashion,West,4,15034,39,5,36682.96
1070,2025-03-11,Shoes,Fashion,South,2,24354,7,2,45298.44
1071,2025-03-12,Laptop,Fashion,East,1,43498,39,1,26533.78
1072,2025-03-13,Watch,Electronics,East,7,39565,22,4,216024.9
1073,2025-03-14,Watch,Electronics,North,6,46107,39,3,168751.62
1074,2025-03-15,Mobile,Accessories,East,2,8312,10,2,14961.6
1075,2025-03-16,Watch,Electronics,West,8,5057,7,3,37624.08
1076,2025-03-17,Mobile,Electronics,North,4,2679,28,4,7715.52
1077,2025-03-18,Laptop,Electronics,North,8,44298,29,3,251612.64
1078,2025-03-19,Shoes,Fashion,North,7,9565,9,2,60929.05
1079,2025-03-20,Shoes,Fashion,North,5,8775,38,4,27202.5
1080,2025-03-21,Shoes,Accessories,West,8,48357,27,1,282404.88
1081,2025-03-22,Watch,Electronics,North,9,36448,35,2,213220.8
1082,2025-03-23,Laptop,Electronics,East,5,21200,12,5,93280.0
1083,2025-03-24,Watch,Accessories,West,5,39964,31,2,137875.8
1084,2025-03-25,Watch,Electronics,South,2,42851,35,4,55706.3
1085,2025-03-26,Laptop,Electronics,South,5,28294,36,2,90540.8
1086,2025-03-27,Laptop,Fashion,East,3,29283,25,1,65886.75
1087,2025-03-28,Laptop,Accessories,East,7,17498,21,1,96763.94
1088,2025-03-29,Laptop,Accessories,West,5,14369,3,5,69689.65
1089,2025-03-30,Shoes,Accessories,South,8,45025,30,3,252140.0
1090,2025-03-31,Headphones,Accessories,South,1,28652,17,4,23781.16
1091,2025-04-01,Headphones,Fashion,South,3,21454,37,4,40548.06
1092,2025-04-02,Laptop,Fashion,South,3,32055,23,3,74047.05
1093,2025-04-03,Headphones,Electronics,South,9,17154,22,1,120421.08
1094,2025-04-04,Headphones,Electronics,North,5,45526,21,1,179827.7
1095,2025-04-05,Laptop,Electronics,East,9,35736,1,2,318407.76
1096,2025-04-06,Headphones,Electronics,North,9,47476,30,5,299098.8
1097,2025-04-07,Watch,Fashion,South,1,15542,10,5,13987.8
1098,2025-04-08,Mobile,Accessories,West,2,26466,27,5,38640.36
1099,2025-04-09,Mobile,Fashion,West,5,48907,31,2,168729.15
1100,2025-04-10,Laptop,Electronics,South,4,44814,4,5,172085.76
1101,2025-04-11,Shoes,Fashion,South,9,45595,37,3,258523.65
1102,2025-04-12,Laptop,Accessories,West,7,14770,9,2,94084.9
1103,2025-04-13,Shoes,Accessories,North,6,31408,39,3,114953.28
1104,2025-04-14,Mobile,Fashion,North,7,16023,23,2,86363.97
1105,2025-04-15,Laptop,Fashion,South,1,47568,34,5,31394.879999999997
1106,2025-04-16,Watch,Fashion,North,1,20491,22,3,15982.98
1107,2025-04-17,Headphones,Electronics,West,8,11275,16,3,75768.0
1108,2025-04-18,Shoes,Fashion,North,2,12765,0,3,25530.0
1109,2025-04-19,Headphones,Fashion,South,9,19959,30,2,125741.7
1110,2025-04-20,Headphones,Fashion,West,7,17173,30,4,84147.7
1111,2025-04-21,Laptop,Accessories,North,6,27556,33,5,110775.12
1112,2025-04-22,Headphones,Accessories,East,1,7114,8,3,6544.88
1113,2025-04-23,Watch,Electronics,West,1,36520,21,4,28850.8
1114,2025-04-24,Headphones,Electronics,West,2,7915,12,5,13930.4
1115,2025-04-25,Laptop,Accessories,East,6,23655,24,5,107866.8
1116,2025-04-26,Watch,Accessories,East,6,49930,17,3,248651.4
1117,2025-04-27,Mobile,Accessories,West,2,44384,11,3,79003.52
1118,2025-04-28,Headphones,Fashion,East,1,17464,39,2,10653.04
1119,2025-04-29,Laptop,Fashion,South,5,38226,16,4,160549.2
1120,2025-04-30,Mobile,Accessories,South,5,37544,14,4,161439.2
1121,2025-05-01,Mobile,Fashion,South,2,38044,14,3,65435.68
1122,2025-05-02,Shoes,Fashion,West,6,32752,14,5,169000.32
1123,2025-05-03,Watch,Electronics,East,9,4332,38,3,24172.559999999998
1124,2025-05-04,Headphones,Accessories,East,2,25775,12,5,45364.0
1125,2025-05-05,Laptop,Accessories,North,2,15401,16,5,25873.68
1126,2025-05-06,Shoes,Fashion,North,3,38713,31,3,80135.91
1127,2025-05-07,Watch,Accessories,East,7,34648,8,1,223133.12
1128,2025-05-08,Shoes,Electronics,East,6,43133,39,4,157866.78
1129,2025-05-09,Watch,Electronics,East,8,23418,19,5,151748.64
1130,2025-05-10,Watch,Electronics,West,8,47194,25,5,283164.0
1131,2025-05-11,Headphones,Accessories,East,6,20040,26,1,88977.6
1132,2025-05-12,Watch,Accessories,North,3,12080,20,2,28992.0
1133,2025-05-13,Shoes,Accessories,West,3,38902,17,1,96865.98
1134,2025-05-14,Watch,Accessories,East,1,39078,12,1,34388.64
1135,2025-05-15,Headphones,Accessories,North,7,25417,15,5,151231.15
1136,2025-05-16,Headphones,Electronics,West,5,22818,8,4,104962.8
1137,2025-05-17,Shoes,Fashion,East,4,10679,11,1,38017.24
1138,2025-05-18,Mobile,Electronics,East,4,12751,37,2,32132.52
1139,2025-05-19,Mobile,Accessories,East,4,46399,18,3,152188.72
1140,2025-05-20,Watch,Electronics,West,6,19993,6,1,112760.52
1141,2025-05-21,Laptop,Accessories,North,8,20966,34,1,110700.48000000001
1142,2025-05-22,Watch,Accessories,North,8,30706,17,2,203887.84
1143,2025-05-23,Shoes,Electronics,South,5,45975,15,4,195393.75
1144,2025-05-24,Shoes,Accessories,East,6,20124,38,1,74861.28
1145,2025-05-25,Shoes,Fashion,South,4,27064,3,1,105008.32
1146,2025-05-26,Shoes,Accessories,South,9,22912,24,4,156718.08000000002
1147,2025-05-27,Shoes,Fashion,North,8,28490,31,2,157264.8
1148,2025-05-28,Headphones,Fashion,West,1,36017,39,1,21970.370000000003
1149,2025-05-29,Mobile,Accessories,West,2,13656,12,4,24034.56
1150,2025-05-30,Shoes,Electronics,North,9,23564,16,1,178143.84
1151,2025-05-31,Laptop,Fashion,West,8,26211,36,3,134200.32
1152,2025-06-01,Laptop,Electronics,South,3,30606,5,5,87227.1
1153,2025-06-02,Laptop,Fashion,East,8,17089,18,3,112103.84
1154,2025-06-03,Laptop,Accessories,North,1,24236,12,1,21327.68
1155,2025-06-04,Headphones,Accessories,East,4,21475,25,2,64425.0
1156,2025-06-05,Laptop,Fashion,West,3,36718,13,5,95833.98
1157,2025-06-06,Shoes,Accessories,East,6,7714,30,3,32398.8
1158,2025-06-07,Watch,Fashion,West,7,31081,3,4,211039.99
1159,2025-06-08,Laptop,Accessories,West,4,20695,38,2,51323.6
1160,2025-06-09,Headphones,Electronics,South,7,45082,7,3,293483.82
1161,2025-06-10,Headphones,Accessories,West,9,27627,24,4,188968.68
1162,2025-06-11,Laptop,Electronics,South,2,5641,12,1,9928.16
1163,2025-06-12,Watch,Accessories,South,3,29384,31,4,60824.880000000005
1164,2025-06-13,Laptop,Electronics,South,5,25385,37,3,79962.75
1165,2025-06-14,Headphones,Accessories,North,3,3208,37,3,6063.12
1166,2025-06-15,Mobile,Electronics,North,8,18875,27,1,110230.0
1167,2025-06-16,Shoes,Fashion,West,8,15588,29,4,88539.84
1168,2025-06-17,Headphones,Fashion,South,8,45102,2,4,353599.68
1169,2025-06-18,Laptop,Electronics,North,9,45546,27,1,299237.22
1170,2025-06-19,Shoes,Accessories,South,4,10514,2,4,41214.88
1171,2025-06-20,Laptop,Electronics,East,5,3773,33,1,12639.55
1172,2025-06-21,Laptop,Accessories,East,5,47635,15,2,202448.75
1173,2025-06-22,Mobile,Fashion,East,8,37806,21,3,238933.91999999998
1174,2025-06-23,Shoes,Accessories,West,7,31381,31,2,151570.22999999998
1175,2025-06-24,Shoes,Fashion,South,9,31986,37,5,181360.62
1176,2025-06-25,Mobile,Accessories,East,8,13041,7,5,97025.04
1177,2025-06-26,Headphones,Accessories,North,2,9212,7,5,17134.32
1178,2025-06-27,Laptop,Accessories,East,4,9668,5,1,36738.4
1179,2025-06-28,Watch,Electronics,East,6,4051,13,4,21146.22
1180,2025-06-29,Laptop,Electronics,East,2,12797,31,2,17659.86
1181,2025-06-30,Laptop,Fashion,West,7,44233,34,2,204356.46000000002
1182,2025-07-01,Headphones,Fashion,North,3,27628,9,2,75424.44
1183,2025-07-02,Laptop,Electronics,South,3,3332,2,2,9796.08
1184,2025-07-03,Mobile,Fashion,North,2,28983,11,5,51589.74
1185,2025-07-04,Mobile,Electronics,South,8,22563,30,2,126352.8
1186,2025-07-05,Shoes,Accessories,West,6,23463,28,4,101360.16
1187,2025-07-06,Watch,Fashion,West,1,13922,4,5,13365.12
1188,2025-07-07,Laptop,Fashion,West,1,33420,24,2,25399.2
1189,2025-07-08,Laptop,Electronics,West,7,11656,30,1,57114.4
1190,2025-07-09,Headphones,Fashion,South,8,11608,20,3,74291.2
1191,2025-07-10,Mobile,Fashion,East,5,32345,19,3,130997.25
1192,2025-07-11,Watch,Accessories,South,5,3300,38,3,10230.0
1193,2025-07-12,Shoes,Fashion,North,4,38578,21,5,121906.48
1194,2025-07-13,Mobile,Accessories,West,6,43212,3,2,251493.84
1195,2025-07-14,Shoes,Electronics,West,6,3110,12,5,16420.8
1196,2025-07-15,Headphones,Fashion,North,3,12567,19,4,30537.81
1197,2025-07-16,Headphones,Accessories,South,9,34372,12,1,272226.24
1198,2025-07-17,Laptop,Electronics,East,7,11228,16,1,66020.64
1199,2025-07-18,Watch,Fashion,East,1,30066,35,3,19542.9
1200,2025-07-19,Shoes,Electronics,North,7,30283,32,3,144147.08000000002
1201,2025-07-20,Mobile,Fashion,East,5,21083,0,3,105415.0
1202,2025-07-21,Headphones,Electronics,South,5,20738,14,2,89173.4
1203,2025-07-22,Laptop,Electronics,South,2,7763,12,4,13662.880000000001
1204,2025-07-23,Laptop,Accessories,North,4,2414,16,4,8111.04
1205,2025-07-24,Shoes,Electronics,South,6,24249,23,4,112030.38
1206,2025-07-25,Headphones,Fashion,West,7,19956,7,4,129913.56
1207,2025-07-26,Watch,Fashion,North,5,26082,26,3,96503.4
1208,2025-07-27,Headphones,Accessories,South,9,906,22,1,6360.12
1209,2025-07-28,Shoes,Fashion,North,3,14189,7,3,39587.31
1210,2025-07-29,Shoes,Fashion,East,1,33434,7,4,31093.62
1211,2025-07-30,Headphones,Fashion,South,4,33776,25,3,101328.0
1212,2025-07-31,Shoes,Electronics,West,9,36932,12,4,292501.44
1213,2025-08-01,Headphones,Electronics,South,4,20373,38,5,50525.04
1214,2025-08-02,Mobile,Fashion,North,2,13550,36,1,17344.0
1215,2025-08-03,Headphones,Accessories,North,5,1180,27,5,4307.0
1216,2025-08-04,Headphones,Electronics,South,3,19408,24,2,44250.24
1217,2025-08-05,Shoes,Accessories,West,9,19004,15,3,145380.6
1218,2025-08-06,Shoes,Fashion,West,4,22144,1,2,87690.24
1219,2025-08-07,Laptop,Fashion,West,6,37625,17,3,187372.5
1220,2025-08-08,Laptop,Electronics,North,2,1863,16,5,3129.84
1221,2025-08-09,Mobile,Fashion,South,6,42791,29,4,182289.66
1222,2025-08-10,Laptop,Electronics,East,3,35560,38,4,66141.6
1223,2025-08-11,Headphones,Fashion,North,9,2038,12,3,16140.96
1224,2025-08-12,Shoes,Fashion,West,2,36676,31,4,50612.880000000005
1225,2025-08-13,Laptop,Electronics,South,9,42020,28,5,272289.6
1226,2025-08-14,Laptop,Electronics,West,5,26175,29,4,92921.25
1227,2025-08-15,Mobile,Electronics,East,8,18787,17,5,124745.68
1228,2025-08-16,Mobile,Fashion,West,2,674,12,2,1186.24
1229,2025-08-17,Headphones,Fashion,West,6,27232,20,5,130713.6
1230,2025-08-18,Shoes,Accessories,East,3,35498,29,1,75610.74
1231,2025-08-19,Mobile,Electronics,South,5,37555,20,1,150220.0
1232,2025-08-20,Laptop,Fashion,North,8,12612,16,1,84752.64
1233,2025-08-21,Shoes,Fashion,South,1,40374,39,3,24628.14
1234,2025-08-22,Shoes,Electronics,East,5,10189,18,3,41774.9
1235,2025-08-23,Laptop,Accessories,West,3,45314,14,3,116910.12
1236,2025-08-24,Mobile,Electronics,South,4,20055,8,5,73802.4
1237,2025-08-25,Laptop,Accessories,North,2,34419,9,3,62642.58
1238,2025-08-26,Shoes,Fashion,East,9,8119,30,2,51149.7
1239,2025-08-27,Watch,Accessories,South,3,6533,22,1,15287.220000000001
1240,2025-08-28,Watch,Fashion,North,2,41828,29,5,59395.759999999995
1241,2025-08-29,Headphones,Electronics,East,9,5446,32,1,33329.520000000004
1242,2025-08-30,Laptop,Electronics,North,7,25118,8,3,161759.92
1243,2025-08-31,Laptop,Electronics,East,6,35175,0,5,211050.0
1244,2025-09-01,Headphones,Accessories,West,1,36758,34,4,24260.28
1245,2025-09-02,Headphones,Fashion,South,5,19419,10,2,87385.5
1246,2025-09-03,Headphones,Electronics,North,3,4673,33,3,9392.73
1247,2025-09-04,Shoes,Electronics,East,1,44333,15,3,37683.05
1248,2025-09-05,Laptop,Fashion,North,4,26900,8,2,98992.0
1249,2025-09-06,Shoes,Electronics,North,2,5269,31,2,7271.219999999999
1250,2025-09-07,Headphones,Fashion,South,2,38064,14,4,65470.08
1251,2025-09-08,Laptop,Fashion,West,3,46314,11,3,123658.38
1252,2025-09-09,Shoes,Fashion,North,8,14711,32,3,80027.84
1253,2025-09-10,Shoes,Fashion,East,8,23755,13,1,165334.8
1254,2025-09-11,Headphones,Fashion,East,7,28462,7,5,185287.62
1255,2025-09-12,Laptop,Accessories,West,6,19856,7,5,110796.48
1256,2025-09-13,Headphones,Electronics,East,9,20806,26,1,138567.96
1257,2025-09-14,Laptop,Accessories,West,4,5497,11,5,19569.32
1258,2025-09-15,Watch,Electronics,East,1,17876,0,2,17876.0
1259,2025-09-16,Mobile,Accessories,South,8,41380,39,5,201934.4
1260,2025-09-17,Mobile,Fashion,North,7,38555,10,5,242896.5
1261,2025-09-18,Mobile,Electronics,South,7,11078,38,1,48078.520000000004
1262,2025-09-19,Headphones,Electronics,North,3,19124,30,4,40160.4
1263,2025-09-20,Watch,Accessories,North,4,39694,16,5,133371.84
1264,2025-09-21,Laptop,Accessories,North,9,44867,32,5,274586.04
1265,2025-09-22,Shoes,Electronics,South,6,889,31,4,3680.46
1266,2025-09-23,Laptop,Accessories,North,5,34267,28,1,123361.2
1267,2025-09-24,Shoes,Accessories,South,3,46080,20,4,110592.0
1268,2025-09-25,Laptop,Accessories,West,9,48867,20,1,351842.4
1269,2025-09-26,Watch,Fashion,East,5,2355,39,2,7182.75
1270,2025-09-27,Shoes,Fashion,East,5,41393,22,1,161432.7
1271,2025-09-28,Headphones,Accessories,North,4,14294,5,2,54317.2
1272,2025-09-29,Laptop,Accessories,South,4,36031,21,2,113857.95999999999
1273,2025-09-30,Laptop,Fashion,East,1,5486,37,1,3456.1800000000003
1274,2025-10-01,Shoes,Fashion,South,7,32798,36,3,146935.03999999998
1275,2025-10-02,Headphones,Electronics,South,9,1981,7,1,16580.97
1276,2025-10-03,Headphones,Electronics,North,3,4231,34,5,8377.380000000001
1277,2025-10-04,Watch,Fashion,East,2,17335,10,5,31203.0
1278,2025-10-05,Headphones,Accessories,North,3,28298,23,3,65368.380000000005
1279,2025-10-06,Headphones,Accessories,North,1,26613,20,2,21290.4
1280,2025-10-07,Headphones,Accessories,East,6,19977,1,3,118663.38
1281,2025-10-08,Mobile,Accessories,East,7,17766,39,5,75860.82
1282,2025-10-09,Watch,Electronics,West,2,21292,18,3,34918.88
1283,2025-10-10,Laptop,Fashion,West,8,20952,38,1,103921.92
1284,2025-10-11,Shoes,Accessories,South,6,44026,27,3,192833.88
1285,2025-10-12,Laptop,Electronics,East,4,49579,16,2,166585.44
1286,2025-10-13,Watch,Accessories,West,5,41834,5,1,198711.5
1287,2025-10-14,Shoes,Fashion,South,8,12389,18,4,81271.84
1288,2025-10-15,Watch,Electronics,South,3,24835,37,5,46938.15
1289,2025-10-16,Headphones,Fashion,South,3,11754,27,5,25741.260000000002
1290,2025-10-17,Shoes,Fashion,West,4,21574,1,3,85433.04
1291,2025-10-18,Headphones,Electronics,East,1,11942,37,1,7523.46
1292,2025-10-19,Laptop,Electronics,North,9,46789,36,4,269504.64
1293,2025-10-20,Laptop,Electronics,South,8,37827,3,1,293537.52
1294,2025-10-21,Shoes,Electronics,West,8,16699,21,5,105537.68
1295,2025-10-22,Shoes,Electronics,West,6,7791,25,1,35059.5
1296,2025-10-23,Watch,Electronics,North,7,41428,35,4,188497.4
1297,2025-10-24,Watch,Electronics,North,6,612,12,3,3231.36
1298,2025-10-25,Headphones,Accessories,West,9,22015,31,2,136713.15
1299,2025-10-26,Shoes,Fashion,East,3,20081,16,1,50604.12
1300,2025-10-27,Laptop,Electronics,North,3,49192,35,2,95924.4
1301,2025-10-28,Watch,Accessories,West,3,27000,18,5,66420.0
1302,2025-10-29,Watch,Accessories,North,3,32526,34,3,64401.48
1303,2025-10-30,Laptop,Accessories,East,9,17023,39,3,93456.26999999999
1304,2025-10-31,Watch,Fashion,South,4,1924,27,1,5618.08
1305,2025-11-01,Headphones,Electronics,North,7,20052,0,3,140364.0
1306,2025-11-02,Shoes,Accessories,East,9,11308,17,1,84470.76
1307,2025-11-03,Laptop,Fashion,West,7,39311,39,1,167857.97
1308,2025-11-04,Shoes,Fashion,North,9,7489,32,2,45832.68
1309,2025-11-05,Watch,Fashion,North,3,24120,11,3,64400.4
1310,2025-11-06,Watch,Accessories,West,4,39529,7,1,147047.88
1311,2025-11-07,Laptop,Electronics,South,8,1387,23,2,8543.92
1312,2025-11-08,Headphones,Accessories,West,6,32302,15,4,164740.2
1313,2025-11-09,Mobile,Accessories,North,5,19988,3,2,96941.8
1314,2025-11-10,Laptop,Electronics,West,4,30513,37,2,76892.76000000001
1315,2025-11-11,Mobile,Electronics,East,8,49701,26,1,294229.92
1316,2025-11-12,Mobile,Electronics,West,1,16902,8,5,15549.84
1317,2025-11-13,Headphones,Fashion,North,9,21705,15,5,166043.25
1318,2025-11-14,Mobile,Electronics,West,1,26549,11,5,23628.61
1319,2025-11-15,Mobile,Accessories,South,8,12753,30,2,71416.8
1320,2025-11-16,Headphones,Electronics,West,4,19490,23,1,60029.2
1321,2025-11-17,Mobile,Accessories,South,9,8346,13,3,65349.18
1322,2025-11-18,Mobile,Fashion,East,5,25527,24,2,97002.6
1323,2025-11-19,Mobile,Accessories,South,3,39700,33,2,79797.0
1324,2025-11-20,Laptop,Accessories,West,9,46720,2,1,412070.4
1325,2025-11-21,Laptop,Electronics,North,9,46663,23,4,323374.58999999997
1326,2025-11-22,Laptop,Electronics,South,4,4265,8,2,15695.2
1327,2025-11-23,Headphones,Accessories,East,4,16450,25,4,49350.0
1328,2025-11-24,Watch,Electronics,South,8,45770,19,4,296589.6
1329,2025-11-25,Mobile,Fashion,South,2,10241,39,5,12494.02
1330,2025-11-26,Mobile,Fashion,South,9,23242,9,1,190351.98
1331,2025-11-27,Headphones,Electronics,East,6,25203,18,4,123998.76
1332,2025-11-28,Mobile,Fashion,West,9,39209,2,1,345823.38
1333,2025-11-29,Laptop,Electronics,South,8,38123,23,5,234837.68
1334,2025-11-30,Watch,Accessories,South,7,23431,4,1,157456.32
1335,2025-12-01,Shoes,Accessories,North,1,24080,2,2,23598.4
1336,2025-12-02,Mobile,Fashion,East,3,15666,26,4,34778.520000000004
1337,2025-12-03,Laptop,Electronics,South,2,29740,15,1,50558.0
1338,2025-12-04,Shoes,Electronics,East,5,26491,14,3,113911.3
1339,2025-12-05,Watch,Fashion,South,5,39056,34,1,128884.8
1340,2025-12-06,Shoes,Accessories,West,5,33469,11,4,148937.05
1341,2025-12-07,Laptop,Fashion,West,4,11061,25,5,33183.0
1342,2025-12-08,Shoes,Accessories,South,5,17401,33,5,58293.35
1343,2025-12-09,Headphones,Electronics,West,3,41005,22,4,95951.7
1344,2025-12-10,Shoes,Accessories,South,1,30520,30,2,21364.0
1345,2025-12-11,Mobile,Fashion,West,5,26417,19,2,106988.85
1346,2025-12-12,Mobile,Electronics,North,9,2488,11,5,19928.88
1347,2025-12-13,Headphones,Fashion,North,9,48709,22,5,341937.18
1348,2025-12-14,Laptop,Fashion,North,4,45005,3,4,174619.4
1349,2025-12-15,Mobile,Accessories,East,3,14756,22,2,34529.04
1350,2025-12-16,Watch,Fashion,East,1,22692,0,5,22692.0
1351,2025-12-17,Mobile,Accessories,North,2,28730,24,2,43669.6
1352,2025-12-18,Mobile,Electronics,East,8,40430,1,5,320205.6
1353,2025-12-19,Laptop,Accessories,West,1,46333,29,1,32896.43
1354,2025-12-20,Shoes,Electronics,South,8,23125,2,3,181300.0
1355,2025-12-21,Mobile,Accessories,South,7,32588,20,1,182492.8
1356,2025-12-22,Headphones,Fashion,South,8,14614,24,5,88853.12
1357,2025-12-23,Shoes,Accessories,North,6,41667,19,3,202501.62
1358,2025-12-24,Watch,Accessories,East,9,38901,21,3,276586.11
1359,2025-12-25,Laptop,Electronics,West,3,6255,20,5,15012.0
1360,2025-12-26,Watch,Fashion,West,4,11325,32,5,30804.0
1361,2025-12-27,Shoes,Accessories,North,6,23193,37,2,87669.54000000001
1362,2025-12-28,Shoes,Fashion,West,8,4617,14,5,31764.96
1363,2025-12-29,Shoes,Accessories,West,5,25229,14,4,108484.7
1364,2025-12-30,Watch,Accessories,West,3,32682,24,5,74514.95999999999
1365,2025-12-31,Shoes,Fashion,West,6,29390,20,4,141072.0
1366,2026-01-01,Watch,Accessories,East,4,29840,23,5,91907.2
1367,2026-01-02,Shoes,Fashion,West,9,2018,4,2,17435.52
1368,2026-01-03,Headphones,Accessories,South,3,31449,5,4,89629.65
1369,2026-01-04,Shoes,Electronics,North,4,23047,22,1,71906.64
1370,2026-01-05,Watch,Fashion,East,7,16846,3,4,114384.34
1371,2026-01-06,Mobile,Accessories,West,7,3100,26,2,16058.0
1372,2026-01-07,Shoes,Accessories,East,4,46505,17,4,154396.6
1373,2026-01-08,Mobile,Electronics,West,6,29767,20,5,142881.6
1374,2026-01-09,Headphones,Fashion,South,3,36822,27,5,80640.18
1375,2026-01-10,Laptop,Accessories,North,6,27490,34,2,108860.4
1376,2026-01-11,Headphones,Electronics,West,2,16693,21,3,26374.94
1377,2026-01-12,Shoes,Accessories,West,8,30609,39,5,149371.91999999998
1378,2026-01-13,Mobile,Fashion,West,2,19733,22,1,30783.48
1379,2026-01-14,Mobile,Accessories,West,7,48521,2,2,332854.06
1380,2026-01-15,Watch,Accessories,North,9,16694,39,4,91650.06
1381,2026-01-16,Mobile,Accessories,North,1,35010,9,4,31859.1
1382,2026-01-17,Watch,Accessories,South,8,1806,24,1,10980.48
1383,2026-01-18,Laptop,Electronics,North,7,4349,7,5,28311.989999999998
1384,2026-01-19,Shoes,Electronics,West,6,12860,10,2,69444.0
1385,2026-01-20,Watch,Fashion,South,6,46036,4,1,265167.36
1386,2026-01-21,Laptop,Electronics,South,6,29731,36,5,114167.04000000001
1387,2026-01-22,Mobile,Electronics,South,9,46300,37,2,262521.0
1388,2026-01-23,Mobile,Fashion,West,2,37463,28,4,53946.72
1389,2026-01-24,Laptop,Electronics,East,1,19189,4,2,18421.44
1390,2026-01-25,Mobile,Electronics,West,6,29584,8,3,163303.68
1391,2026-01-26,Laptop,Fashion,North,8,40887,1,2,323825.04
1392,2026-01-27,Watch,Fashion,North,3,9780,0,3,29340.0
1393,2026-01-28,Watch,Fashion,West,1,3142,39,2,1916.62
1394,2026-01-29,Laptop,Accessories,West,9,42637,29,3,272450.43
1395,2026-01-30,Watch,Accessories,South,1,14796,10,4,13316.4
1396,2026-01-31,Watch,Fashion,West,3,15938,27,5,34904.22
1397,2026-02-01,Watch,Fashion,South,8,48942,11,3,348467.04
1398,2026-02-02,Headphones,Fashion,North,3,38025,38,3,70726.5
1399,2026-02-03,Shoes,Accessories,South,4,3494,25,4,10482.0
1400,2026-02-04,Mobile,Accessories,West,8,48494,12,3,341397.76
1401,2026-02-05,Headphones,Electronics,North,1,34539,7,1,32121.27
1402,2026-02-06,Watch,Electronics,East,6,2313,27,4,10130.94
1403,2026-02-07,Laptop,Fashion,South,1,27991,29,1,19873.61
1404,2026-02-08,Watch,Accessories,North,1,19345,8,4,17797.4
1405,2026-02-09,Shoes,Accessories,South,8,41743,38,3,207045.28
1406,2026-02-10,Watch,Accessories,North,4,37664,30,1,105459.2
1407,2026-02-11,Laptop,Fashion,North,1,42551,20,3,34040.8
1408,2026-02-12,Shoes,Electronics,South,7,13818,33,4,64806.42
1409,2026-02-13,Watch,Fashion,East,5,17700,30,3,61950.0
1410,2026-02-14,Shoes,Electronics,North,5,582,24,1,2211.6
1411,2026-02-15,Mobile,Electronics,North,1,2420,11,1,2153.8
1412,2026-02-16,Mobile,Fashion,North,6,41085,0,3,246510.0
1413,2026-02-17,Watch,Electronics,East,9,12183,21,2,86621.13
1414,2026-02-18,Shoes,Electronics,East,9,11836,39,4,64979.64
1415,2026-02-19,Laptop,Accessories,West,8,16096,36,4,82411.51999999999
1416,2026-02-20,Watch,Electronics,South,5,2593,0,3,12965.0
1417,2026-02-21,Mobile,Fashion,East,1,13405,0,2,13405.0
1418,2026-02-22,Mobile,Fashion,South,9,24851,20,1,178927.2
1419,2026-02-23,Watch,Electronics,West,1,31481,14,5,27073.66
1420,2026-02-24,Shoes,Accessories,South,8,8867,16,5,59586.24
1421,2026-02-25,Mobile,Accessories,East,5,5785,21,3,22850.75
1422,2026-02-26,Shoes,Electronics,South,3,44164,37,2,83469.95999999999
1423,2026-02-27,Mobile,Electronics,East,7,38205,34,2,176507.1
1424,2026-02-28,Mobile,Fashion,South,7,17253,15,4,102655.35
1425,2026-03-01,Headphones,Electronics,East,9,18985,7,1,158904.45
1426,2026-03-02,Mobile,Accessories,East,7,13477,16,2,79244.76
1427,2026-03-03,Laptop,Electronics,South,3,20374,16,5,51342.479999999996
1428,2026-03-04,Watch,Fashion,West,1,8174,25,1,6130.5
1429,2026-03-05,Watch,Fashion,North,8,29538,12,1,207947.52
1430,2026-03-06,Shoes,Fashion,West,3,29815,16,3,75133.8
1431,2026-03-07,Mobile,Fashion,South,8,4176,37,2,21047.04
1432,2026-03-08,Laptop,Fashion,West,8,2926,16,3,19662.72
1433,2026-03-09,Shoes,Electronics,East,5,24973,13,2,108632.55
1434,2026-03-10,Headphones,Electronics,North,1,3462,5,4,3288.9
1435,2026-03-11,Shoes,Electronics,South,7,30443,34,3,140646.66
1436,2026-03-12,Shoes,Electronics,South,5,1359,13,3,5911.65
1437,2026-03-13,Mobile,Fashion,South,8,45316,7,5,337151.04
1438,2026-03-14,Headphones,Accessories,North,9,4638,14,3,35898.12
1439,2026-03-15,Shoes,Electronics,East,7,35692,26,2,184884.56
1440,2026-03-16,Laptop,Accessories,South,7,26140,12,5,161022.4
1441,2026-03-17,Laptop,Electronics,West,1,10909,30,3,7636.3
1442,2026-03-18,Watch,Electronics,South,4,4517,34,3,11924.880000000001
1443,2026-03-19,Headphones,Accessories,South,2,10951,5,4,20806.9
1444,2026-03-20,Headphones,Fashion,South,2,28827,4,3,55347.84
1445,2026-03-21,Watch,Electronics,South,2,10778,21,1,17029.239999999998
1446,2026-03-22,Shoes,Electronics,East,4,25444,22,5,79385.28
1447,2026-03-23,Headphones,Electronics,West,1,44264,24,1,33640.64
1448,2026-03-24,Laptop,Accessories,East,4,1634,33,5,4379.12
1449,2026-03-25,Laptop,Fashion,West,2,30631,25,4,45946.5
1450,2026-03-26,Mobile,Accessories,South,5,38387,4,3,184257.6
1451,2026-03-27,Headphones,Accessories,North,3,38962,25,3,87664.5
1452,2026-03-28,Shoes,Fashion,East,8,23020,19,3,149169.6
1453,2026-03-29,Watch,Accessories,North,4,22369,5,5,85002.2
1454,2026-03-30,Watch,Fashion,East,1,37432,5,3,35560.4
1455,2026-03-31,Shoes,Electronics,South,1,5539,17,1,4597.37
1456,2026-04-01,Mobile,Fashion,East,3,21781,3,3,63382.71
1457,2026-04-02,Watch,Electronics,South,9,47899,16,4,362116.44
1458,2026-04-03,Headphones,Accessories,East,7,10942,13,1,66636.78
1459,2026-04-04,Mobile,Accessories,South,2,8752,13,3,15228.48
1460,2026-04-05,Headphones,Electronics,South,9,28086,12,3,222441.12
1461,2026-04-06,Laptop,Accessories,West,2,18068,6,2,33967.84
1462,2026-04-07,Mobile,Fashion,South,3,21310,14,5,54979.8
1463,2026-04-08,Watch,Electronics,West,2,2051,18,1,3363.64
1464,2026-04-09,Mobile,Accessories,South,3,13125,34,2,25987.5
1465,2026-04-10,Mobile,Electronics,North,6,34897,16,4,175880.88
1466,2026-04-11,Mobile,Fashion,South,9,26749,34,5,158889.06
1467,2026-04-12,Mobile,Fashion,North,9,1861,18,1,13734.18
1468,2026-04-13,Headphones,Accessories,North,7,26649,19,3,151099.83000000002
1469,2026-04-14,Laptop,Fashion,South,3,4870,35,1,9496.5
1470,2026-04-15,Shoes,Electronics,North,4,5783,34,3,15267.119999999999
1471,2026-04-16,Mobile,Fashion,West,6,8110,31,5,33575.4
1472,2026-04-17,Watch,Electronics,East,5,43826,39,3,133669.3
1473,2026-04-18,Mobile,Electronics,South,2,15424,23,4,23752.96
1474,2026-04-19,Watch,Fashion,North,6,48107,16,3,242459.28
1475,2026-04-20,Headphones,Accessories,South,3,45217,6,4,127511.94
1476,2026-04-21,Watch,Fashion,West,8,11126,0,5,89008.0
1477,2026-04-22,Shoes,Electronics,South,2,35261,34,5,46544.520000000004
1478,2026-04-23,Laptop,Electronics,South,1,1369,31,1,944.61
1479,2026-04-24,Watch,Fashion,North,9,32052,35,4,187504.2
1480,2026-04-25,Watch,Accessories,West,3,1514,12,4,3996.96
1481,2026-04-26,Laptop,Accessories,East,1,10603,5,2,10072.85
1482,2026-04-27,Shoes,Electronics,East,7,17486,13,2,106489.74
1483,2026-04-28,Mobile,Electronics,North,5,45281,36,2,144899.2
1484,2026-04-29,Watch,Accessories,South,5,30971,14,3,133175.3
1485,2026-04-30,Laptop,Fashion,North,1,33958,3,2,32939.26
1486,2026-05-01,Headphones,Electronics,North,9,25569,39,4,140373.81
1487,2026-05-02,Laptop,Electronics,North,7,17373,15,3,103369.35
1488,2026-05-03,Headphones,Accessories,South,8,23748,27,5,138688.32
1489,2026-05-04,Shoes,Fashion,West,9,24124,15,1,184548.6
1490,2026-05-05,Mobile,Accessories,North,6,44016,3,2,256173.12
1491,2026-05-06,Laptop,Fashion,South,5,29561,25,5,110853.75
1492,2026-05-07,Watch,Fashion,West,6,24670,27,4,108054.6
1493,2026-05-08,Shoes,Fashion,North,2,8524,31,1,11763.119999999999
1494,2026-05-09,Laptop,Electronics,East,4,17178,1,5,68024.88
1495,2026-05-10,Watch,Accessories,West,3,38756,30,1,81387.6
1496,2026-05-11,Laptop,Accessories,North,7,20911,2,2,143449.46
1497,2026-05-12,Headphones,Fashion,West,9,44303,7,4,370816.11
1498,2026-05-13,Laptop,Electronics,West,5,19796,23,1,76214.6
1499,2026-05-14,Laptop,Electronics,West,6,26793,14,5,138251.88
1500,2026-05-15,Laptop,Accessories,West,2,27672,30,2,38740.8
1501,2026-05-16,Shoes,Electronics,West,3,21628,8,2,59693.28
1502,2026-05-17,Laptop,Electronics,West,3,18757,38,5,34888.020000000004
1503,2026-05-18,Watch,Fashion,North,9,13355,1,5,118993.05
1504,2026-05-19,Headphones,Electronics,East,7,20142,7,1,131124.42
1505,2026-05-20,Headphones,Fashion,South,8,36085,6,3,271359.2
1506,2026-05-21,Laptop,Accessories,West,9,20525,38,2,114529.5
1507,2026-05-22,Shoes,Electronics,South,6,4958,15,1,25285.8
1508,2026-05-23,Shoes,Accessories,North,4,5807,34,5,15330.48
1509,2026-05-24,Watch,Accessories,West,1,42201,29,1,29962.71
1510,2026-05-25,Laptop,Electronics,East,8,18925,9,5,137774.0
1511,2026-05-26,Headphones,Electronics,South,7,43927,37,4,193718.07
1512,2026-05-27,Shoes,Accessories,West,2,28773,17,5,47763.18
1513,2026-05-28,Laptop,Electronics,North,8,39006,4,5,299566.08
1514,2026-05-29,Shoes,Fashion,East,5,6168,28,5,22204.8
1515,2026-05-30,Shoes,Fashion,South,7,26434,38,3,114723.56
1516,2026-05-31,Headphones,Electronics,South,4,47695,33,5,127822.6
1517,2026-06-01,Mobile,Accessories,West,5,8197,22,2,31968.3
1518,2026-06-02,Watch,Electronics,East,8,24917,4,2,191362.56
1519,2026-06-03,Watch,Electronics,East,1,16946,29,1,12031.66
1520,2026-06-04,Headphones,Accessories,East,1,41097,5,3,39042.15
1521,2026-06-05,Shoes,Accessories,East,4,11251,3,1,43653.88
1522,2026-06-06,Laptop,Fashion,North,3,46718,28,2,100910.88
1523,2026-06-07,Shoes,Accessories,East,2,7852,22,2,12249.119999999999
1524,2026-06-08,Headphones,Fashion,South,3,14016,5,4,39945.6
1525,2026-06-09,Watch,Accessories,South,1,23799,31,5,16421.31
1526,2026-06-10,Shoes,Electronics,North,1,32457,17,2,26939.31
1527,2026-06-11,Watch,Fashion,South,6,29427,14,1,151843.32
1528,2026-06-12,Laptop,Fashion,South,5,41594,39,1,126861.7
1529,2026-06-13,Watch,Fashion,East,8,36912,31,5,203754.24
1530,2026-06-14,Watch,Electronics,South,2,29993,8,5,55187.12
1531,2026-06-15,Mobile,Electronics,North,4,27211,36,4,69660.16
1532,2026-06-16,Mobile,Electronics,East,8,8503,9,3,61901.84
1533,2026-06-17,Mobile,Electronics,West,6,32207,19,1,156526.02
1534,2026-06-18,Watch,Electronics,East,1,3778,5,5,3589.1
1535,2026-06-19,Headphones,Fashion,North,4,7796,2,1,30560.32
1536,2026-06-20,Watch,Electronics,East,1,25898,10,5,23308.2
1537,2026-06-21,Headphones,Fashion,East,2,36342,16,2,61054.56
1538,2026-06-22,Headphones,Electronics,North,5,13761,31,1,47475.45
1539,2026-06-23,Mobile,Accessories,East,8,11673,3,2,90582.48
1540,2026-06-24,Shoes,Fashion,North,8,30949,3,1,240164.24
1541,2026-06-25,Laptop,Accessories,North,3,41580,16,3,104781.6
1542,2026-06-26,Mobile,Fashion,West,4,2137,18,4,7009.36
1543,2026-06-27,Mobile,Accessories,South,6,32281,4,2,185938.56
1544,2026-06-28,Shoes,Electronics,South,3,14152,31,5,29294.64
1545,2026-06-29,Laptop,Electronics,East,2,5603,21,3,8852.74
1546,2026-06-30,Watch,Electronics,East,6,26000,5,1,148200.0
1547,2026-07-01,Watch,Fashion,West,5,35300,34,2,116490.0
1548,2026-07-02,Mobile,Accessories,West,5,36029,21,1,142314.55
1549,2026-07-03,Laptop,Electronics,West,5,48463,0,1,242315.0
1550,2026-07-04,Mobile,Accessories,North,5,18952,19,1,76755.6
1551,2026-07-05,Headphones,Accessories,West,3,49893,21,4,118246.41
1552,2026-07-06,Mobile,Electronics,West,7,31674,10,4,199546.2
1553,2026-07-07,Mobile,Electronics,East,6,35936,12,5,189742.08000000002
1554,2026-07-08,Watch,Accessories,West,4,47906,2,2,187791.52
1555,2026-07-09,Watch,Electronics,North,2,16454,8,3,30275.36
1556,2026-07-10,Watch,Electronics,North,9,17686,11,3,141664.86
1557,2026-07-11,Headphones,Electronics,East,1,12856,22,3,10027.68
1558,2026-07-12,Watch,Fashion,West,4,33463,13,1,116451.24
1559,2026-07-13,Laptop,Accessories,West,1,2687,32,4,1827.1599999999999
1560,2026-07-14,Shoes,Accessories,North,6,12207,17,2,60790.86
1561,2026-07-15,Laptop,Fashion,West,4,35598,8,1,131000.64
1562,2026-07-16,Laptop,Accessories,West,5,27435,22,4,106996.5
1563,2026-07-17,Watch,Electronics,West,5,21725,9,4,98848.75
1564,2026-07-18,Shoes,Accessories,South,9,4106,18,2,30302.28
1565,2026-07-19,Shoes,Electronics,East,1,33328,4,2,31994.88
1566,2026-07-20,Shoes,Fashion,South,2,26989,22,2,42102.84
1567,2026-07-21,Headphones,Electronics,East,6,14887,29,1,63418.619999999995
1568,2026-07-22,Watch,Accessories,North,5,4427,24,5,16822.6
1569,2026-07-23,Shoes,Accessories,West,7,6796,27,2,34727.56
1570,2026-07-24,Headphones,Accessories,East,3,30944,33,5,62197.44
1571,2026-07-25,Mobile,Fashion,South,3,46890,24,1,106909.2
1572,2026-07-26,Mobile,Fashion,West,2,47393,9,5,86255.26
1573,2026-07-27,Headphones,Accessories,North,3,3091,13,3,8067.51
1574,2026-07-28,Headphones,Electronics,East,1,45395,29,5,32230.45
1575,2026-07-29,Watch,Fashion,East,5,49016,24,2,186260.8
1576,2026-07-30,Watch,Accessories,East,5,26647,13,1,115914.45
1577,2026-07-31,Mobile,Accessories,West,7,39389,34,2,181977.18
1578,2026-08-01,Shoes,Fashion,South,4,1700,33,3,4556.0
1579,2026-08-02,Mobile,Fashion,South,3,16221,9,2,44283.33
1580,2026-08-03,Shoes,Fashion,East,1,19738,34,2,13027.08
1581,2026-08-04,Shoes,Electronics,North,8,11587,10,2,83426.4
1582,2026-08-05,Watch,Electronics,North,3,31316,10,4,84553.2
1583,2026-08-06,Laptop,Accessories,South,2,23908,20,3,38252.8
1584,2026-08-07,Laptop,Fashion,North,4,40240,20,2,128768.0
1585,2026-08-08,Headphones,Electronics,South,3,636,21,2,1507.32
1586,2026-08-09,Watch,Fashion,East,1,17913,6,2,16838.22
1587,2026-08-10,Shoes,Accessories,South,3,48614,16,1,122507.28
1588,2026-08-11,Laptop,Electronics,South,2,19478,1,4,38566.44
1589,2026-08-12,Shoes,Electronics,East,8,1161,11,1,8266.32
1590,2026-08-13,Laptop,Electronics,North,6,35740,17,4,177985.2
1591,2026-08-14,Laptop,Accessories,South,9,27753,10,2,224799.3
1592,2026-08-15,Laptop,Fashion,South,8,27384,15,3,186211.2
1593,2026-08-16,Watch,Electronics,East,3,33354,17,5,83051.45999999999
1594,2026-08-17,Mobile,Accessories,North,5,11204,34,5,36973.2
1595,2026-08-18,Shoes,Fashion,South,7,39487,25,2,207306.75
1596,2026-08-19,Watch,Accessories,East,5,25027,15,1,106364.75
1597,2026-08-20,Watch,Fashion,South,8,16822,5,3,127847.2
1598,2026-08-21,Watch,Accessories,West,5,48017,11,4,213675.65
1599,2026-08-22,Watch,Fashion,East,1,7468,12,2,6571.84
1600,2026-08-23,Watch,Electronics,North,5,28018,3,3,135887.3
1601,2026-08-24,Headphones,Fashion,North,4,46864,38,3,116222.72
1602,2026-08-25,Shoes,Accessories,North,6,28386,1,4,168612.84
1603,2026-08-26,Watch,Accessories,North,3,2200,25,3,4950.0
1604,2026-08-27,Shoes,Fashion,South,5,28746,26,1,106360.2
1605,2026-08-28,Headphones,Electronics,South,2,35968,26,1,53232.64
1606,2026-08-29,Headphones,Electronics,North,6,23699,14,1,122286.84
1607,2026-08-30,Shoes,Fashion,North,6,45089,7,3,251596.62
1608,2026-08-31,Laptop,Fashion,North,5,32615,6,1,153290.5
1609,2026-09-01,Mobile,Accessories,South,6,6020,39,4,22033.2
1610,2026-09-02,Laptop,Electronics,North,7,44778,11,3,278966.94
1611,2026-09-03,Laptop,Fashion,North,5,36955,12,5,162602.0
1612,2026-09-04,Laptop,Electronics,West,1,21429,16,3,18000.36
1613,2026-09-05,Watch,Fashion,West,8,42105,16,4,282945.6
1614,2026-09-06,Headphones,Fashion,North,4,15455,35,5,40183.0
1615,2026-09-07,Laptop,Electronics,East,9,44549,20,3,320752.8
1616,2026-09-08,Headphones,Fashion,North,6,14417,7,1,80446.86
1617,2026-09-09,Shoes,Fashion,West,1,5257,4,2,5046.72
1618,2026-09-10,Mobile,Accessories,East,3,13545,25,2,30476.25
1619,2026-09-11,Shoes,Fashion,East,3,42180,15,1,107559.0
1620,2026-09-12,Shoes,Fashion,North,4,5233,35,2,13605.8
1621,2026-09-13,Watch,Fashion,West,6,31454,27,2,137768.52
1622,2026-09-14,Mobile,Accessories,West,7,31635,28,1,159440.4
1623,2026-09-15,Shoes,Electronics,East,4,7581,11,1,26988.36
1624,2026-09-16,Shoes,Accessories,North,6,41958,36,3,161118.72
1625,2026-09-17,Mobile,Accessories,South,1,24001,29,3,17040.71
1626,2026-09-18,Mobile,Electronics,South,8,21613,22,1,134865.12
1627,2026-09-19,Shoes,Accessories,West,7,34941,15,4,207898.95
1628,2026-09-20,Mobile,Electronics,South,9,47586,13,2,372598.38
1629,2026-09-21,Shoes,Accessories,West,3,25190,9,3,68768.7
1630,2026-09-22,Shoes,Electronics,West,2,44439,6,2,83545.32
1631,2026-09-23,Watch,Fashion,West,1,29845,36,5,19100.8
1632,2026-09-24,Laptop,Accessories,South,3,46813,28,1,101116.08
1633,2026-09-25,Shoes,Accessories,West,5,45071,2,4,220847.9
1634,2026-09-26,Headphones,Accessories,East,2,27329,14,5,47005.88
1635,2026-09-27,Laptop,Accessories,North,3,35562,35,5,69345.9
1636,2026-09-28,Laptop,Fashion,North,4,4130,18,5,13546.4
1637,2026-09-29,Laptop,Accessories,West,7,48361,12,1,297903.76
1638,2026-09-30,Watch,Fashion,North,3,32370,20,3,77688.0
1639,2026-10-01,Shoes,Fashion,South,9,49798,36,1,286836.48
1640,2026-10-02,Watch,Fashion,South,8,47721,26,3,282508.32
1641,2026-10-03,Shoes,Fashion,North,4,45442,28,5,130872.95999999999
1642,2026-10-04,Watch,Electronics,South,1,3953,19,5,3201.93
1643,2026-10-05,Watch,Electronics,North,1,37775,24,4,28709.0
1644,2026-10-06,Headphones,Accessories,North,1,43870,5,3,41676.5
1645,2026-10-07,Watch,Electronics,North,1,38896,35,5,25282.4
1646,2026-10-08,Mobile,Electronics,West,8,8828,1,2,69917.76
1647,2026-10-09,Headphones,Accessories,North,3,16034,21,4,38000.58
1648,2026-10-10,Watch,Accessories,West,6,20244,31,1,83810.16
1649,2026-10-11,Laptop,Accessories,North,3,19889,15,4,50716.95
1650,2026-10-12,Mobile,Electronics,North,5,36820,17,2,152803.0
1651,2026-10-13,Mobile,Electronics,North,7,49670,4,3,333782.4
1652,2026-10-14,Mobile,Accessories,South,2,35510,35,1,46163.0
1653,2026-10-15,Headphones,Fashion,West,6,15165,29,1,64602.9
1654,2026-10-16,Watch,Accessories,West,6,38365,18,3,188755.8
1655,2026-10-17,Watch,Fashion,North,3,9140,22,4,21387.6
1656,2026-10-18,Laptop,Fashion,North,6,35216,33,5,141568.32
1657,2026-10-19,Laptop,Accessories,South,5,26021,12,4,114492.4
1658,2026-10-20,Mobile,Accessories,South,2,30549,28,2,43990.56
1659,2026-10-21,Laptop,Accessories,South,9,6118,35,5,35790.3
1660,2026-10-22,Headphones,Electronics,West,8,37504,21,4,237025.28
1661,2026-10-23,Watch,Fashion,West,3,2420,35,3,4719.0
1662,2026-10-24,Mobile,Electronics,West,8,44437,8,2,327056.32
1663,2026-10-25,Laptop,Electronics,North,9,4688,38,2,26159.04
1664,2026-10-26,Headphones,Accessories,West,3,12707,18,2,31259.22
1665,2026-10-27,Headphones,Electronics,East,3,738,37,5,1394.8200000000002
1666,2026-10-28,Laptop,Accessories,East,2,33472,5,1,63596.8
1667,2026-10-29,Watch,Fashion,South,8,11299,14,5,77737.12
1668,2026-10-30,Laptop,Accessories,West,1,6052,19,4,4902.12
1669,2026-10-31,Mobile,Electronics,East,8,29416,8,1,216501.76
1670,2026-11-01,Laptop,Electronics,South,7,5427,31,4,26212.41
1671,2026-11-02,Headphones,Accessories,West,7,28464,3,1,193270.56
1672,2026-11-03,Laptop,Accessories,North,3,11664,17,5,29043.36
1673,2026-11-04,Watch,Electronics,East,1,37658,4,2,36151.68
1674,2026-11-05,Shoes,Fashion,North,4,19571,19,3,63410.04
1675,2026-11-06,Laptop,Fashion,West,9,48909,22,2,343341.18
1676,2026-11-07,Watch,Accessories,East,5,6660,10,5,29970.0
1677,2026-11-08,Watch,Fashion,West,1,16310,36,1,10438.4
1678,2026-11-09,Headphones,Electronics,North,5,5626,21,2,22222.7
1679,2026-11-10,Watch,Accessories,East,8,30509,3,5,236749.84
1680,2026-11-11,Watch,Electronics,North,8,34084,28,4,196323.84
1681,2026-11-12,Watch,Electronics,West,5,46682,33,3,156384.7
1682,2026-11-13,Watch,Fashion,West,9,25896,12,2,205096.32
1683,2026-11-14,Mobile,Accessories,North,1,692,8,1,636.64
1684,2026-11-15,Mobile,Accessories,East,4,36913,30,4,103356.4
1685,2026-11-16,Headphones,Fashion,North,3,13316,6,5,37551.12
1686,2026-11-17,Laptop,Electronics,West,2,39582,3,3,76789.08
1687,2026-11-18,Watch,Electronics,North,8,32630,18,1,214052.8
1688,2026-11-19,Laptop,Electronics,West,7,40642,29,5,201990.74
1689,2026-11-20,Laptop,Electronics,North,9,36968,30,5,232898.4
1690,2026-11-21,Headphones,Accessories,East,2,31198,34,2,41181.36
1691,2026-11-22,Watch,Accessories,East,4,11155,20,2,35696.0
1692,2026-11-23,Watch,Fashion,North,6,48397,30,1,203267.4
1693,2026-11-24,Shoes,Fashion,North,3,30575,18,5,75214.5
1694,2026-11-25,Laptop,Accessories,East,8,9859,30,2,55210.4
1695,2026-11-26,Laptop,Accessories,West,3,37161,31,3,76923.26999999999
1696,2026-11-27,Mobile,Electronics,East,2,40079,1,3,79356.42
1697,2026-11-28,Shoes,Electronics,West,3,42556,9,5,116177.88
1698,2026-11-29,Mobile,Fashion,North,6,33772,1,2,200605.68
1699,2026-11-30,Mobile,Accessories,North,2,43081,1,1,85300.38
1700,2026-12-01,Mobile,Fashion,West,8,15171,23,1,93453.36
1701,2026-12-02,Headphones,Accessories,North,1,27548,16,1,23140.32
1702,2026-12-03,Headphones,Electronics,West,7,11238,31,3,54279.54
1703,2026-12-04,Mobile,Fashion,South,2,26463,15,2,44987.1
1704,2026-12-05,Shoes,Fashion,East,6,44454,15,2,226715.4
1705,2026-12-06,Laptop,Accessories,South,2,7273,38,3,9018.52
1706,2026-12-07,Shoes,Electronics,West,2,37084,30,1,51917.6
1707,2026-12-08,Watch,Fashion,East,8,30394,23,1,187227.04
1708,2026-12-09,Headphones,Electronics,West,2,1217,0,5,2434.0
1709,2026-12-10,Laptop,Fashion,East,7,12176,10,4,76708.8
1710,2026-12-11,Laptop,Electronics,East,3,4934,20,2,11841.6
1711,2026-12-12,Watch,Accessories,East,8,38325,3,2,297402.0
1712,2026-12-13,Watch,Fashion,East,7,29600,6,2,194768.0
1713,2026-12-14,Mobile,Fashion,West,8,5494,25,4,32964.0
1714,2026-12-15,Headphones,Electronics,East,7,4734,11,5,29492.82
1715,2026-12-16,Headphones,Electronics,East,6,4264,30,4,17908.8
1716,2026-12-17,Shoes,Fashion,South,7,44449,16,1,261360.12
1717,2026-12-18,Mobile,Accessories,North,5,37905,32,1,128877.0
1718,2026-12-19,Mobile,Electronics,North,7,35372,10,2,222843.6
1719,2026-12-20,Mobile,Electronics,South,1,42715,27,3,31181.95
1720,2026-12-21,Mobile,Electronics,South,1,23685,31,2,16342.65
1721,2026-12-22,Headphones,Fashion,West,9,43942,0,3,395478.0
1722,2026-12-23,Headphones,Fashion,West,5,41653,27,4,152033.45
1723,2026-12-24,Mobile,Fashion,West,5,12499,6,1,58745.3
1724,2026-12-25,Shoes,Fashion,South,3,36987,1,3,109851.39
1725,2026-12-26,Laptop,Accessories,South,5,3081,23,4,11861.85
1726,2026-12-27,Laptop,Accessories,East,3,3263,3,1,9495.33
1727,2026-12-28,Shoes,Fashion,West,9,27874,18,3,205710.12
1728,2026-12-29,Mobile,Accessories,West,9,39259,25,2,264998.25
1729,2026-12-30,Headphones,Electronics,West,6,11031,10,2,59567.4
1730,2026-12-31,Laptop,Electronics,North,1,25807,39,2,15742.27
1731,2027-01-01,Watch,Electronics,East,7,31335,10,4,197410.5
1732,2027-01-02,Watch,Fashion,West,7,11564,2,2,79329.04
1733,2027-01-03,Shoes,Electronics,West,4,11812,11,5,42050.72
1734,2027-01-04,Mobile,Accessories,West,8,38048,2,1,298296.32
1735,2027-01-05,Laptop,Fashion,North,6,37445,26,4,166255.8
1736,2027-01-06,Mobile,Accessories,North,4,48437,1,2,191810.52
1737,2027-01-07,Laptop,Electronics,South,4,6976,15,1,23718.4
1738,2027-01-08,Shoes,Electronics,East,2,25065,1,3,49628.7
1739,2027-01-09,Shoes,Electronics,South,2,2882,29,2,4092.44
1740,2027-01-10,Watch,Fashion,East,4,22963,19,1,74400.12
1741,2027-01-11,Mobile,Accessories,North,5,45776,37,5,144194.4
1742,2027-01-12,Watch,Fashion,West,8,33902,27,3,197987.68
1743,2027-01-13,Mobile,Fashion,South,6,26845,24,5,122413.2
1744,2027-01-14,Watch,Electronics,West,4,45264,31,1,124928.64
1745,2027-01-15,Headphones,Fashion,South,7,27446,9,5,174831.02
1746,2027-01-16,Headphones,Fashion,North,8,14662,39,1,71550.56
1747,2027-01-17,Headphones,Electronics,North,2,49654,32,1,67529.44
1748,2027-01-18,Headphones,Fashion,North,7,47273,12,5,291201.68
1749,2027-01-19,Laptop,Electronics,South,2,8897,36,1,11388.16
1750,2027-01-20,Headphones,Electronics,East,2,22835,15,2,38819.5
1751,2027-01-21,Shoes,Electronics,South,8,45595,21,1,288160.4
1752,2027-01-22,Shoes,Electronics,East,2,14894,19,4,24128.28
1753,2027-01-23,Laptop,Fashion,South,9,27697,26,1,184462.02
1754,2027-01-24,Headphones,Electronics,South,1,22510,15,4,19133.5
1755,2027-01-25,Headphones,Electronics,North,9,24623,33,1,148476.69
1756,2027-01-26,Headphones,Fashion,West,1,22887,31,1,15792.029999999999
1757,2027-01-27,Watch,Fashion,West,2,3390,25,5,5085.0
1758,2027-01-28,Mobile,Accessories,East,6,28269,24,2,128906.64
1759,2027-01-29,Watch,Fashion,West,6,44126,1,2,262108.44
1760,2027-01-30,Mobile,Fashion,South,1,8526,11,3,7588.14
1761,2027-01-31,Headphones,Accessories,South,7,3806,39,5,16251.62
1762,2027-02-01,Headphones,Fashion,North,8,34165,8,5,251454.4
1763,2027-02-02,Watch,Fashion,North,2,9777,11,2,17403.06
1764,2027-02-03,Watch,Fashion,West,8,42739,25,5,256434.0
1765,2027-02-04,Mobile,Fashion,East,9,48164,8,2,398797.92
1766,2027-02-05,Shoes,Accessories,West,6,48508,9,5,264853.68
1767,2027-02-06,Mobile,Fashion,West,5,15183,31,1,52381.35
1768,2027-02-07,Watch,Fashion,West,9,1170,33,2,7055.1
1769,2027-02-08,Watch,Accessories,West,9,24175,19,2,176235.75
1770,2027-02-09,Laptop,Electronics,South,1,18389,38,4,11401.18
1771,2027-02-10,Watch,Accessories,East,3,45035,1,5,133753.95
1772,2027-02-11,Laptop,Electronics,South,9,13506,0,5,121554.0
1773,2027-02-12,Shoes,Accessories,East,2,49036,35,2,63746.8
1774,2027-02-13,Mobile,Accessories,North,4,27031,23,1,83255.48
1775,2027-02-14,Mobile,Fashion,West,4,22139,26,1,65531.44
1776,2027-02-15,Laptop,Electronics,South,2,17133,1,1,33923.34
1777,2027-02-16,Mobile,Fashion,East,3,35160,30,5,73836.0
1778,2027-02-17,Watch,Electronics,North,3,3939,13,4,10280.79
1779,2027-02-18,Headphones,Accessories,North,1,32672,1,2,32345.28
1780,2027-02-19,Laptop,Accessories,West,6,36122,28,3,156047.04
1781,2027-02-20,Mobile,Electronics,East,8,12077,14,4,83089.76
1782,2027-02-21,Laptop,Fashion,South,3,12263,11,3,32742.21
1783,2027-02-22,Laptop,Fashion,West,5,20676,36,4,66163.2
1784,2027-02-23,Headphones,Fashion,South,1,44886,27,1,32766.78
1785,2027-02-24,Watch,Fashion,North,7,24755,19,5,140360.85
1786,2027-02-25,Laptop,Accessories,South,1,41503,38,3,25731.86
1787,2027-02-26,Mobile,Accessories,South,9,20496,23,4,142037.28
1788,2027-02-27,Shoes,Accessories,West,8,35886,20,5,229670.4
1789,2027-02-28,Laptop,Accessories,South,7,21562,9,3,137349.94
1790,2027-03-01,Laptop,Accessories,West,7,36431,13,2,221864.79
1791,2027-03-02,Headphones,Fashion,North,5,36210,36,4,115872.0
1792,2027-03-03,Watch,Fashion,West,5,35193,17,2,146050.95
1793,2027-03-04,Shoes,Fashion,West,5,36240,23,1,139524.0
1794,2027-03-05,Mobile,Fashion,East,1,12205,13,2,10618.35
1795,2027-03-06,Shoes,Accessories,South,8,43908,33,2,235346.88
1796,2027-03-07,Mobile,Accessories,North,1,28547,11,4,25406.83
1797,2027-03-08,Watch,Accessories,West,4,11466,21,1,36232.56
1798,2027-03-09,Mobile,Electronics,North,9,17874,5,2,152822.7
1799,2027-03-10,Headphones,Fashion,East,9,11638,35,5,68082.3
1800,2027-03-11,Headphones,Fashion,South,5,16435,35,3,53413.75
1801,2027-03-12,Headphones,Accessories,West,4,46413,21,2,146665.08000000002
1802,2027-03-13,Headphones,Fashion,South,3,989,13,1,2581.29
1803,2027-03-14,Shoes,Fashion,East,3,45016,15,2,114790.8
1804,2027-03-15,Watch,Accessories,East,5,22760,35,3,73970.0
1805,2027-03-16,Mobile,Electronics,North,1,26569,24,1,20192.44
1806,2027-03-17,Mobile,Electronics,West,5,19775,31,4,68223.75
1807,2027-03-18,Headphones,Electronics,North,6,36784,32,1,150078.72
1808,2027-03-19,Headphones,Accessories,East,7,39678,35,4,180534.9
1809,2027-03-20,Laptop,Fashion,South,9,33321,19,1,242910.09
1810,2027-03-21,Watch,Accessories,North,3,17499,17,3,43572.51
1811,2027-03-22,Shoes,Accessories,North,2,39212,37,3,49407.119999999995
1812,2027-03-23,Mobile,Fashion,South,3,40672,2,1,119575.68
1813,2027-03-24,Laptop,Electronics,North,9,34222,22,2,240238.44
1814,2027-03-25,Laptop,Electronics,South,7,11125,31,3,53733.75
1815,2027-03-26,Mobile,Accessories,West,9,2129,15,4,16286.85
1816,2027-03-27,Shoes,Electronics,South,2,11473,4,4,22028.16
1817,2027-03-28,Laptop,Accessories,West,5,7359,3,5,35691.15
1818,2027-03-29,Laptop,Accessories,South,4,42109,20,4,134748.8
1819,2027-03-30,Watch,Fashion,East,2,43807,39,5,53444.54
1820,2027-03-31,Shoes,Fashion,East,9,45950,13,1,359788.5
1821,2027-04-01,Laptop,Fashion,West,9,36546,38,1,203926.68
1822,2027-04-02,Shoes,Accessories,West,6,22339,30,1,93823.8
1823,2027-04-03,Mobile,Fashion,East,6,27716,13,2,144677.52
1824,2027-04-04,Headphones,Electronics,West,8,19445,5,2,147782.0
1825,2027-04-05,Laptop,Electronics,South,6,7039,11,5,37588.26
1826,2027-04-06,Watch,Accessories,South,1,34125,15,4,29006.25
1827,2027-04-07,Mobile,Accessories,East,4,5386,16,4,18096.96
1828,2027-04-08,Shoes,Fashion,North,7,46213,22,1,252322.97999999998
1829,2027-04-09,Mobile,Accessories,South,2,7985,13,3,13893.9
1830,2027-04-10,Laptop,Accessories,West,9,31955,6,2,270339.3
1831,2027-04-11,Shoes,Electronics,North,8,46948,31,2,259152.96000000002
1832,2027-04-12,Headphones,Electronics,North,8,17267,14,1,118796.95999999999
1833,2027-04-13,Mobile,Fashion,South,7,47665,16,2,280270.2
1834,2027-04-14,Laptop,Accessories,South,4,28953,33,1,77594.04000000001
1835,2027-04-15,Watch,Accessories,North,2,11244,4,5,21588.48
1836,2027-04-16,Shoes,Electronics,North,3,37602,26,4,83476.44
1837,2027-04-17,Mobile,Accessories,East,6,12726,22,3,59557.68
1838,2027-04-18,Mobile,Electronics,West,5,28369,39,4,86525.45
1839,2027-04-19,Headphones,Fashion,East,8,23088,13,4,160692.48
1840,2027-04-20,Headphones,Electronics,South,6,13940,14,5,71930.4
1841,2027-04-21,Watch,Accessories,East,6,32209,32,2,131412.72
1842,2027-04-22,Watch,Fashion,East,1,48288,30,3,33801.6
1843,2027-04-23,Laptop,Electronics,East,4,22995,34,2,60706.8
1844,2027-04-24,Laptop,Electronics,East,5,37519,16,4,157579.8
1845,2027-04-25,Watch,Fashion,West,3,45448,27,1,99531.12
1846,2027-04-26,Watch,Fashion,West,9,49408,18,4,364631.04
1847,2027-04-27,Shoes,Electronics,North,1,1422,22,2,1109.16
1848,2027-04-28,Headphones,Accessories,South,6,28026,31,4,116027.64
1849,2027-04-29,Laptop,Electronics,East,6,8457,39,1,30952.62
1850,2027-04-30,Headphones,Fashion,North,5,49064,12,5,215881.6
1851,2027-05-01,Headphones,Electronics,North,5,34498,19,2,139716.9
1852,2027-05-02,Watch,Fashion,North,5,43895,34,4,144853.5
1853,2027-05-03,Shoes,Fashion,West,6,24531,4,2,141298.56
1854,2027-05-04,Mobile,Accessories,East,8,10506,8,5,77324.16
1855,2027-05-05,Shoes,Fashion,East,2,38201,28,4,55009.44
1856,2027-05-06,Shoes,Fashion,South,6,47563,5,4,271109.1
1857,2027-05-07,Headphones,Accessories,East,1,26439,24,2,20093.64
1858,2027-05-08,Shoes,Fashion,East,4,49645,30,2,139006.0
1859,2027-05-09,Laptop,Accessories,North,3,20824,21,1,49352.88
1860,2027-05-10,Headphones,Accessories,South,9,23367,1,5,208199.97
1861,2027-05-11,Laptop,Fashion,East,3,703,4,1,2024.64
1862,2027-05-12,Mobile,Fashion,West,6,17044,26,4,75675.36
1863,2027-05-13,Headphones,Electronics,East,1,16399,24,2,12463.24
1864,2027-05-14,Mobile,Accessories,North,6,29563,7,4,164961.54
1865,2027-05-15,Headphones,Electronics,West,4,25844,0,4,103376.0
1866,2027-05-16,Watch,Fashion,North,8,4248,19,3,27527.04
1867,2027-05-17,Shoes,Electronics,East,9,39986,22,3,280701.72
1868,2027-05-18,Watch,Accessories,West,4,1593,31,4,4396.68
1869,2027-05-19,Mobile,Electronics,South,6,15728,10,2,84931.2
1870,2027-05-20,Shoes,Accessories,South,1,21384,38,4,13258.08
1871,2027-05-21,Headphones,Fashion,West,4,25683,23,3,79103.64
1872,2027-05-22,Shoes,Fashion,West,7,16534,10,2,104164.2
1873,2027-05-23,Laptop,Accessories,North,1,6210,28,4,4471.2
1874,2027-05-24,Shoes,Fashion,West,8,43000,25,5,258000.0
1875,2027-05-25,Laptop,Fashion,North,6,19759,15,5,100770.9
1876,2027-05-26,Shoes,Fashion,East,5,36459,34,4,120314.7
1877,2027-05-27,Laptop,Fashion,North,9,33957,19,2,247546.53
1878,2027-05-28,Mobile,Accessories,West,2,20643,2,4,40460.28
1879,2027-05-29,Watch,Electronics,West,5,2603,0,4,13015.0
1880,2027-05-30,Headphones,Electronics,East,6,865,0,3,5190.0
1881,2027-05-31,Shoes,Fashion,West,7,47278,16,5,277994.64
1882,2027-06-01,Watch,Electronics,West,5,45035,1,3,222923.25
1883,2027-06-02,Headphones,Electronics,South,9,16603,28,3,107587.44
1884,2027-06-03,Headphones,Fashion,South,1,33010,19,4,26738.1
1885,2027-06-04,Laptop,Fashion,East,7,24976,5,3,166090.4
1886,2027-06-05,Mobile,Electronics,North,7,13242,7,5,86205.42
1887,2027-06-06,Mobile,Accessories,South,4,12891,28,3,37126.08
1888,2027-06-07,Watch,Fashion,North,9,37440,32,5,229132.8
1889,2027-06-08,Mobile,Accessories,West,5,29401,2,3,144064.9
1890,2027-06-09,Shoes,Electronics,South,4,32501,34,5,85802.64
1891,2027-06-10,Mobile,Fashion,East,7,16123,4,3,108346.56
1892,2027-06-11,Watch,Accessories,East,4,2878,26,3,8518.880000000001
1893,2027-06-12,Mobile,Fashion,East,3,21872,11,2,58398.24
1894,2027-06-13,Shoes,Electronics,South,9,45299,19,5,330229.71
1895,2027-06-14,Laptop,Accessories,North,8,38937,19,5,252311.76
1896,2027-06-15,Watch,Electronics,West,1,36003,8,5,33122.76
1897,2027-06-16,Laptop,Electronics,North,7,31246,38,1,135607.64
1898,2027-06-17,Laptop,Fashion,North,9,28423,3,3,248132.79
1899,2027-06-18,Laptop,Accessories,West,8,10367,18,5,68007.52
1900,2027-06-19,Headphones,Electronics,West,8,41758,37,1,210460.32
1901,2027-06-20,Headphones,Electronics,South,6,34224,26,2,151954.56
1902,2027-06-21,Laptop,Accessories,South,4,9806,12,5,34517.12
1903,2027-06-22,Watch,Electronics,South,8,39891,12,5,280832.64
1904,2027-06-23,Shoes,Electronics,South,3,15408,21,1,36516.96
1905,2027-06-24,Shoes,Accessories,South,9,27581,27,3,181207.16999999998
1906,2027-06-25,Mobile,Accessories,West,2,37728,21,2,59610.24
1907,2027-06-26,Watch,Accessories,North,2,23886,18,5,39173.04
1908,2027-06-27,Headphones,Accessories,South,7,47254,7,3,307623.54
1909,2027-06-28,Laptop,Fashion,South,4,45906,7,2,170770.32
1910,2027-06-29,Mobile,Accessories,North,8,28802,25,4,172812.0
1911,2027-06-30,Shoes,Fashion,South,9,19712,25,4,133056.0
1912,2027-07-01,Headphones,Fashion,North,7,36118,22,2,197204.28
1913,2027-07-02,Headphones,Fashion,North,5,46567,12,1,204894.8
1914,2027-07-03,Laptop,Electronics,West,8,11198,27,2,65396.32
1915,2027-07-04,Shoes,Fashion,East,4,5094,8,2,18745.92
1916,2027-07-05,Watch,Fashion,West,2,26025,19,1,42160.5
1917,2027-07-06,Headphones,Electronics,East,6,14782,18,1,72727.44
1918,2027-07-07,Laptop,Electronics,East,9,49553,38,3,276505.74
1919,2027-07-08,Watch,Electronics,East,1,14834,11,3,13202.26
1920,2027-07-09,Shoes,Accessories,South,7,29679,14,1,178667.58000000002
1921,2027-07-10,Headphones,Electronics,West,9,7144,30,4,45007.2
1922,2027-07-11,Watch,Electronics,East,9,36118,13,4,282803.94
1923,2027-07-12,Watch,Fashion,North,3,48201,10,2,130142.7
1924,2027-07-13,Watch,Electronics,South,5,33433,25,5,125373.75
1925,2027-07-14,Headphones,Accessories,West,8,43969,26,2,260296.47999999998
1926,2027-07-15,Headphones,Electronics,East,8,34187,10,2,246146.4
1927,2027-07-16,Mobile,Accessories,North,4,41573,37,5,104763.95999999999
1928,2027-07-17,Shoes,Electronics,West,1,17875,33,1,11976.25
1929,2027-07-18,Laptop,Electronics,West,1,48983,18,4,40166.06
1930,2027-07-19,Watch,Electronics,South,4,31426,5,2,119418.8
1931,2027-07-20,Mobile,Electronics,West,6,37107,37,5,140264.46000000002
1932,2027-07-21,Laptop,Accessories,South,8,18142,27,3,105949.28
1933,2027-07-22,Mobile,Accessories,East,6,24493,0,2,146958.0
1934,2027-07-23,Headphones,Fashion,South,9,44886,34,4,266622.83999999997
1935,2027-07-24,Watch,Accessories,North,9,46787,39,1,256860.63
1936,2027-07-25,Laptop,Electronics,South,2,21688,7,2,40339.68
1937,2027-07-26,Laptop,Fashion,North,1,33096,6,2,31110.24
1938,2027-07-27,Laptop,Fashion,South,2,28272,10,5,50889.6
1939,2027-07-28,Laptop,Fashion,West,5,31357,38,3,97206.7
1940,2027-07-29,Laptop,Electronics,East,4,11276,3,3,43750.88
1941,2027-07-30,Mobile,Accessories,North,4,33335,24,1,101338.4
1942,2027-07-31,Watch,Electronics,South,9,10288,11,4,82406.88
1943,2027-08-01,Headphones,Fashion,South,8,6160,25,1,36960.0
1944,2027-08-02,Headphones,Electronics,South,6,4978,37,2,18816.84
1945,2027-08-03,Headphones,Electronics,West,1,8710,11,2,7751.9
1946,2027-08-04,Headphones,Accessories,West,2,11422,36,3,14620.16
1947,2027-08-05,Mobile,Accessories,North,6,36789,23,4,169965.18
1948,2027-08-06,Shoes,Fashion,North,2,33840,15,5,57528.0
1949,2027-08-07,Watch,Electronics,West,5,40350,12,4,177540.0
1950,2027-08-08,Laptop,Electronics,North,5,38663,24,2,146919.4
1951,2027-08-09,Shoes,Accessories,East,6,48675,3,5,283288.5
1952,2027-08-10,Headphones,Electronics,East,6,19142,10,4,103366.8
1953,2027-08-11,Shoes,Electronics,West,6,11594,31,4,47999.16
1954,2027-08-12,Watch,Electronics,North,2,22923,6,5,43095.24
1955,2027-08-13,Laptop,Accessories,South,3,33918,10,2,91578.6
1956,2027-08-14,Laptop,Fashion,East,6,6241,27,4,27335.58
1957,2027-08-15,Watch,Fashion,West,8,46549,22,5,290465.76
1958,2027-08-16,Watch,Electronics,North,1,7338,22,2,5723.64
1959,2027-08-17,Headphones,Fashion,West,1,3762,27,5,2746.26
1960,2027-08-18,Laptop,Accessories,South,2,5496,25,5,8244.0
1961,2027-08-19,Shoes,Accessories,East,6,45094,24,4,205628.64
1962,2027-08-20,Mobile,Fashion,West,9,22664,28,2,146862.72
1963,2027-08-21,Mobile,Fashion,West,4,36095,18,4,118391.6
1964,2027-08-22,Watch,Electronics,West,3,30757,32,1,62744.28
1965,2027-08-23,Headphones,Fashion,South,8,14711,35,1,76497.2
1966,2027-08-24,Mobile,Electronics,West,9,30953,13,2,242361.99
1967,2027-08-25,Laptop,Electronics,South,5,5732,13,5,24934.2
1968,2027-08-26,Watch,Accessories,South,9,2717,34,4,16138.98
1969,2027-08-27,Shoes,Accessories,South,2,24729,29,4,35115.18
1970,2027-08-28,Watch,Accessories,East,3,14732,27,2,32263.08
1971,2027-08-29,Shoes,Accessories,East,7,26113,16,2,153544.44
1972,2027-08-30,Watch,Fashion,West,7,14526,2,1,99648.36
1973,2027-08-31,Watch,Accessories,West,6,29054,15,3,148175.4
1974,2027-09-01,Watch,Fashion,East,6,31408,29,2,133798.08000000002
1975,2027-09-02,Shoes,Accessories,North,2,20110,28,3,28958.4
1976,2027-09-03,Shoes,Fashion,East,6,47146,14,2,243273.36
1977,2027-09-04,Watch,Electronics,South,4,40105,24,5,121919.2
1978,2027-09-05,Mobile,Fashion,East,3,7531,37,5,14233.59
1979,2027-09-06,Headphones,Fashion,South,2,48074,37,1,60573.24
1980,2027-09-07,Headphones,Accessories,West,1,26015,22,1,20291.7
1981,2027-09-08,Headphones,Fashion,North,5,36984,24,3,140539.2
1982,2027-09-09,Shoes,Electronics,West,2,36682,6,2,68962.16
1983,2027-09-10,Shoes,Electronics,South,2,1070,21,4,1690.6
1984,2027-09-11,Mobile,Accessories,South,7,32754,16,1,192593.52
1985,2027-09-12,Headphones,Electronics,South,8,19788,17,4,131392.32
1986,2027-09-13,Headphones,Fashion,North,8,13788,9,4,100376.64
1987,2027-09-14,Watch,Electronics,East,4,30377,9,2,110572.28
1988,2027-09-15,Shoes,Accessories,West,1,19389,6,3,18225.66
1989,2027-09-16,Headphones,Fashion,West,7,1417,37,2,6248.969999999999
1990,2027-09-17,Mobile,Accessories,East,1,10566,26,1,7818.84
1991,2027-09-18,Mobile,Fashion,West,4,30004,32,4,81610.88
1992,2027-09-19,Headphones,Electronics,North,8,7482,0,2,59856.0
1993,2027-09-20,Shoes,Accessories,West,2,39604,33,2,53069.36
1994,2027-09-21,Mobile,Accessories,South,6,18562,3,2,108030.84
1995,2027-09-22,Watch,Fashion,East,6,17499,16,1,88194.95999999999
1996,2027-09-23,Mobile,Accessories,North,9,10441,3,3,91149.93
1997,2027-09-24,Laptop,Fashion,East,5,23970,25,2,89887.5
1998,2027-09-25,Laptop,Fashion,North,4,45648,3,1,177114.24
1999,2027-09-26,Shoes,Fashion,South,5,21633,0,4,108165.0
2000,2027-09-27,Headphones,Fashion,East,5,44935,6,5,211194.5
